"model","n","events","term","HR","lower95","upper95","p","p_adj_BH_within_table"
"risk_score_only",426,265,"risk_score",4.29002087143055,2.15373904374691,8.54526881088218,3.44107048208778e-05,5.73511747014629e-05
"risk_score_plus_age_stage_grade_sensitivity",416,260,"risk_score",4.61750354769965,2.30478397501334,9.2509056137877,1.5949173512086e-05,3.98729337802149e-05
"risk_score_plus_age_stage_grade_sensitivity",416,260,"age_years",1.02639757731702,1.01469513942108,1.03823497895468,8.45130191927555e-06,3.98729337802149e-05
"risk_score_plus_age_stage_grade_sensitivity",416,260,"advanced_stage_III_IV",1.58860574563046,0.776179160584879,3.25139908825744,0.205294688386375,0.256618360482969
"risk_score_plus_age_stage_grade_sensitivity",416,260,"high_grade_G3_G4_GB",1.17092912755057,0.802403856268842,1.70870941239218,0.413172945720986,0.413172945720986
