feature	coefficient
mregDC_extended_score	-0.0549272861095728
AP_MHCII_score	0.00856201414350826
TLS_12CK_score	-0.0709779533136033
B_cell_follicle_score	-0.0728709453764862
Tfh_GC_score	-0.0921097799748287
NFkB_score	0.113616599361565
