"feature","clinical","target direct","virtual screen","risk reversal","TLS suppression","axis suppression","IF suppression","AP suppression","docking"
"Baricitinib",0.795379851379968,0.288675134594813,1.32540931718055,1.28494381848433,1.28292300605419,1.32915774642806,1.32568875321715,1.24353057242798,1.56256081103126
"Fedratinib",0.795379851379968,0.288675134594813,1.32540931718055,1.28494381848433,1.28292300605419,1.32915774642806,1.32568875321715,1.24353057242798,-0.551420266126508
"Ruxolitinib",0.795379851379968,0.288675134594813,1.32540931718055,1.28494381848433,1.28292300605419,1.32915774642806,1.32568875321715,1.24353057242798,1.55680776999991
"Tofacitinib",0.795379851379968,0.288675134594813,1.32540931718055,1.28494381848433,1.28292300605419,1.32915774642806,1.32568875321715,1.24353057242798,-0.551420266126508
"Napabucasin",-0.568128465271406,1.44337567297406,-0.402496912329236,-0.00958707832730161,0.000369975279916314,-0.281786972873561,-1.0712192029013,-1.41591463391406,-0.551420266126508
"Stattic",-1.24988262359709,1.44337567297406,-0.546672613814594,-0.00958707832730161,0.000369975279916314,-0.281786972873561,-1.0712192029013,-1.41591463391406,-0.551420266126508
"Bortezomib",0.795379851379968,-0.866025403784439,-0.548029874872672,-0.882531672692632,-0.884914822384931,-0.809775800929375,-0.507943580428576,-0.320536223293276,-0.551420266126508
"Carfilzomib",0.795379851379968,-0.866025403784439,-0.548029874872672,-0.882531672692632,-0.884914822384931,-0.809775800929375,-0.507943580428576,-0.320536223293276,1.8434138141074
"Ixazomib",0.795379851379968,-0.866025403784439,-0.548029874872672,-0.882531672692632,-0.884914822384931,-0.809775800929375,-0.507943580428576,-0.320536223293276,-0.551420266126508
"BMS-345541",-1.24988262359709,0.288675134594813,-0.736363734457009,-0.882531672692632,-0.884914822384931,-0.809775800929375,-0.507943580428576,-0.320536223293276,-0.551420266126508
"TPCA-1",-1.24988262359709,0.288675134594813,-0.736363734457009,-0.882531672692632,-0.884914822384931,-0.809775800929375,-0.507943580428576,-0.320536223293276,-0.551420266126508
"Curcumin",-1.24988262359709,-2.02072594216369,-1.23565064904635,-0.707942753819566,-0.707857862851946,-0.704178035318221,-0.620598704923121,-0.539611905417432,-0.551420266126508
