"time_days","time_label","AUC"
365,"1 year",0.475957392210603
1095,"3 years",0.536150512839897
1825,"5 years",0.617347835456539
